Adaugare_carte, 2021-04-29 11:44:31.206
Adaugare_carte, 2021-04-29 11:44:31.206
Adaugare_carte, 2021-04-29 11:44:31.206
Adaugare_imprumut, 2021-04-29 11:44:31.206
Adaugare_imprumut, 2021-04-29 11:44:31.206
Adaugare_imprumut, 2021-04-29 11:44:31.206
Scriere_carte, 2021-04-29 11:44:31.206
Adaugare_carte, 2021-04-29 11:51:12.967
Adaugare_carte, 2021-04-29 11:51:12.967
Adaugare_carte, 2021-04-29 11:51:12.967
Adaugare_imprumut, 2021-04-29 11:51:12.967
Adaugare_imprumut, 2021-04-29 11:51:12.967
Adaugare_imprumut, 2021-04-29 11:51:12.967
Adaugare_carte, 2021-04-29 11:53:06.694
Adaugare_carte, 2021-04-29 11:53:06.694
Adaugare_carte, 2021-04-29 11:53:06.694
Adaugare_imprumut, 2021-04-29 11:53:06.694
Adaugare_imprumut, 2021-04-29 11:53:06.694
Adaugare_imprumut, 2021-04-29 11:53:06.694
Scriere_carte, 2021-04-29 11:53:06.694
Adaugare_carte, 2021-04-29 11:55:06.82
Adaugare_carte, 2021-04-29 11:55:06.82
Adaugare_carte, 2021-04-29 11:55:06.82
Adaugare_imprumut, 2021-04-29 11:55:06.82
Adaugare_imprumut, 2021-04-29 11:55:06.82
Adaugare_imprumut, 2021-04-29 11:55:06.82
Citire_imprumuturi, 2021-04-29 11:55:06.82
Adaugare_carte, 2021-05-24 12:34:19.315
Adaugare_carte, 2021-05-24 12:34:19.315
Adaugare_carte, 2021-05-24 12:34:19.315
Adaugare_imprumut, 2021-05-24 12:34:19.315
Adaugare_imprumut, 2021-05-24 12:34:19.315
Adaugare_imprumut, 2021-05-24 12:34:19.315
Adaugare_carte, 2021-05-24 12:34:48.704
Adaugare_carte, 2021-05-24 12:34:48.704
Adaugare_carte, 2021-05-24 12:34:48.704
Adaugare_imprumut, 2021-05-24 12:34:48.704
Adaugare_imprumut, 2021-05-24 12:34:48.704
Adaugare_imprumut, 2021-05-24 12:34:48.704
Adaugare_carte, 2021-05-24 12:57:15.831
Adaugare_carte, 2021-05-24 12:57:15.831
Adaugare_carte, 2021-05-24 12:57:15.831
Adaugare_imprumut, 2021-05-24 12:57:15.831
Adaugare_imprumut, 2021-05-24 12:57:15.831
Adaugare_imprumut, 2021-05-24 12:57:15.831
Adaugare_carte, 2021-05-24 12:59:35.211
Adaugare_carte, 2021-05-24 12:59:35.211
Adaugare_carte, 2021-05-24 12:59:35.211
Adaugare_imprumut, 2021-05-24 12:59:35.211
Adaugare_imprumut, 2021-05-24 12:59:35.211
Adaugare_imprumut, 2021-05-24 12:59:35.211
Adaugare_carte, 2021-05-24 13:01:41.093
Adaugare_carte, 2021-05-24 13:01:41.093
Adaugare_carte, 2021-05-24 13:01:41.093
Adaugare_imprumut, 2021-05-24 13:01:41.093
Adaugare_imprumut, 2021-05-24 13:01:41.093
Adaugare_imprumut, 2021-05-24 13:01:41.093
Adaugare_carte, 2021-05-24 13:02:32.503
Adaugare_carte, 2021-05-24 13:02:32.503
Adaugare_carte, 2021-05-24 13:02:32.503
Adaugare_imprumut, 2021-05-24 13:02:32.503
Adaugare_imprumut, 2021-05-24 13:02:32.503
Adaugare_imprumut, 2021-05-24 13:02:32.503
Adaugare_carte, 2021-05-24 13:06:56.879
Adaugare_carte, 2021-05-24 13:06:56.879
Adaugare_carte, 2021-05-24 13:06:56.879
Adaugare_imprumut, 2021-05-24 13:06:56.879
Adaugare_imprumut, 2021-05-24 13:06:56.879
Adaugare_imprumut, 2021-05-24 13:06:56.879
Adaugare_carte, 2021-05-24 13:07:26.308
Adaugare_carte, 2021-05-24 13:07:26.308
Adaugare_carte, 2021-05-24 13:07:26.308
Adaugare_imprumut, 2021-05-24 13:07:26.308
Adaugare_imprumut, 2021-05-24 13:07:26.308
Adaugare_imprumut, 2021-05-24 13:07:26.308
Adaugare_carte, 2021-05-24 13:09:35.394
Adaugare_carte, 2021-05-24 13:09:35.394
Adaugare_carte, 2021-05-24 13:09:35.394
Adaugare_imprumut, 2021-05-24 13:09:35.394
Adaugare_imprumut, 2021-05-24 13:09:35.394
Adaugare_imprumut, 2021-05-24 13:09:35.394
Adaugare_carte, 2021-05-24 13:14:59.185
Adaugare_carte, 2021-05-24 13:14:59.185
Adaugare_carte, 2021-05-24 13:14:59.185
Adaugare_imprumut, 2021-05-24 13:14:59.185
Adaugare_imprumut, 2021-05-24 13:14:59.185
Adaugare_imprumut, 2021-05-24 13:14:59.185
Adaugare_carte, 2021-05-24 13:20:03.367
Adaugare_carte, 2021-05-24 13:20:03.367
Adaugare_carte, 2021-05-24 13:20:03.367
Adaugare_imprumut, 2021-05-24 13:20:03.367
Adaugare_imprumut, 2021-05-24 13:20:03.367
Adaugare_imprumut, 2021-05-24 13:20:03.367
Adaugare_carte, 2021-05-24 13:22:13.886
Adaugare_carte, 2021-05-24 13:22:13.886
Adaugare_carte, 2021-05-24 13:22:13.886
Adaugare_imprumut, 2021-05-24 13:22:13.886
Adaugare_imprumut, 2021-05-24 13:22:13.886
Adaugare_imprumut, 2021-05-24 13:22:13.886
Adaugare_carte, 2021-05-24 16:14:30.723
Adaugare_carte, 2021-05-24 16:14:30.723
Adaugare_carte, 2021-05-24 16:14:30.723
Adaugare_imprumut, 2021-05-24 16:14:30.723
Adaugare_imprumut, 2021-05-24 16:14:30.723
Adaugare_imprumut, 2021-05-24 16:14:30.723
Adaugare_carte, 2021-05-24 16:32:13.215
Adaugare_carte, 2021-05-24 16:32:13.215
Adaugare_carte, 2021-05-24 16:32:13.215
Adaugare_imprumut, 2021-05-24 16:32:13.215
Adaugare_imprumut, 2021-05-24 16:32:13.215
Adaugare_imprumut, 2021-05-24 16:32:13.215
Adaugare_carte, 2021-05-24 16:35:51.618
Adaugare_carte, 2021-05-24 16:35:51.618
Adaugare_carte, 2021-05-24 16:35:51.618
Adaugare_imprumut, 2021-05-24 16:35:51.618
Adaugare_imprumut, 2021-05-24 16:35:51.618
Adaugare_imprumut, 2021-05-24 16:35:51.618
Adaugare_carte, 2021-05-24 16:37:45.262
Adaugare_carte, 2021-05-24 16:37:45.262
Adaugare_carte, 2021-05-24 16:37:45.262
Adaugare_imprumut, 2021-05-24 16:37:45.262
Adaugare_imprumut, 2021-05-24 16:37:45.262
Adaugare_imprumut, 2021-05-24 16:37:45.262
Adaugare_carte, 2021-05-24 16:40:40.753
Adaugare_carte, 2021-05-24 16:40:40.753
Adaugare_carte, 2021-05-24 16:40:40.753
Adaugare_imprumut, 2021-05-24 16:40:40.753
Adaugare_imprumut, 2021-05-24 16:40:40.753
Adaugare_imprumut, 2021-05-24 16:40:40.753
Adaugare_carte, 2021-05-24 16:50:19.032
Adaugare_carte, 2021-05-24 16:50:19.032
Adaugare_carte, 2021-05-24 16:50:19.032
Adaugare_imprumut, 2021-05-24 16:50:19.032
Adaugare_imprumut, 2021-05-24 16:50:19.032
Adaugare_imprumut, 2021-05-24 16:50:19.032
Adaugare_carte, 2021-05-24 16:50:51.462
Adaugare_carte, 2021-05-24 16:50:51.462
Adaugare_carte, 2021-05-24 16:50:51.462
Adaugare_imprumut, 2021-05-24 16:50:51.462
Adaugare_imprumut, 2021-05-24 16:50:51.462
Adaugare_imprumut, 2021-05-24 16:50:51.462
Adaugare_carte, 2021-05-24 16:56:04.959
Adaugare_carte, 2021-05-24 16:56:04.959
Adaugare_carte, 2021-05-24 16:56:04.959
Adaugare_imprumut, 2021-05-24 16:56:04.959
Adaugare_imprumut, 2021-05-24 16:56:04.959
Adaugare_imprumut, 2021-05-24 16:56:04.959
Adaugare_carte, 2021-05-24 16:56:30.688
Adaugare_carte, 2021-05-24 16:56:30.688
Adaugare_carte, 2021-05-24 16:56:30.688
Adaugare_imprumut, 2021-05-24 16:56:30.688
Adaugare_imprumut, 2021-05-24 16:56:30.688
Adaugare_imprumut, 2021-05-24 16:56:30.688
Adaugare_carte, 2021-05-24 17:00:03.155
Adaugare_carte, 2021-05-24 17:00:03.155
Adaugare_carte, 2021-05-24 17:00:03.155
Adaugare_imprumut, 2021-05-24 17:00:03.155
Adaugare_imprumut, 2021-05-24 17:00:03.155
Adaugare_imprumut, 2021-05-24 17:00:03.155
Adaugare_carte, 2021-05-24 17:18:00.43
Adaugare_carte, 2021-05-24 17:18:00.43
Adaugare_carte, 2021-05-24 17:18:00.43
Adaugare_imprumut, 2021-05-24 17:18:00.43
Adaugare_imprumut, 2021-05-24 17:18:00.43
Adaugare_imprumut, 2021-05-24 17:18:00.43
Adaugare_carte, 2021-05-24 17:19:03.144
Adaugare_carte, 2021-05-24 17:19:03.144
Adaugare_carte, 2021-05-24 17:19:03.144
Adaugare_imprumut, 2021-05-24 17:19:03.144
Adaugare_imprumut, 2021-05-24 17:19:03.144
Adaugare_imprumut, 2021-05-24 17:19:03.144
Adaugare_carte, 2021-05-24 17:21:35.575
Adaugare_carte, 2021-05-24 17:21:35.575
Adaugare_carte, 2021-05-24 17:21:35.575
Adaugare_imprumut, 2021-05-24 17:21:35.575
Adaugare_imprumut, 2021-05-24 17:21:35.575
Adaugare_imprumut, 2021-05-24 17:21:35.575
Adaugare_carte, 2021-05-24 17:25:44.94
Adaugare_carte, 2021-05-24 17:25:44.94
Adaugare_carte, 2021-05-24 17:25:44.94
Adaugare_imprumut, 2021-05-24 17:25:44.94
Adaugare_imprumut, 2021-05-24 17:25:44.94
Adaugare_imprumut, 2021-05-24 17:25:44.94
Adaugare_carte, 2021-05-24 17:32:30.579
Adaugare_carte, 2021-05-24 17:32:30.579
Adaugare_carte, 2021-05-24 17:32:30.579
Adaugare_imprumut, 2021-05-24 17:32:30.579
Adaugare_imprumut, 2021-05-24 17:32:30.579
Adaugare_imprumut, 2021-05-24 17:32:30.579
Adaugare_carte, 2021-05-24 17:34:20.004
Adaugare_carte, 2021-05-24 17:34:20.004
Adaugare_carte, 2021-05-24 17:34:20.004
Adaugare_imprumut, 2021-05-24 17:34:20.004
Adaugare_imprumut, 2021-05-24 17:34:20.004
Adaugare_imprumut, 2021-05-24 17:34:20.004
Adaugare_carte, 2021-05-24 17:34:43.981
Adaugare_carte, 2021-05-24 17:34:43.981
Adaugare_carte, 2021-05-24 17:34:43.981
Adaugare_imprumut, 2021-05-24 17:34:43.981
Adaugare_imprumut, 2021-05-24 17:34:43.981
Adaugare_imprumut, 2021-05-24 17:34:43.981
Adaugare_carte, 2021-05-24 17:36:20.429
Adaugare_carte, 2021-05-24 17:36:20.429
Adaugare_carte, 2021-05-24 17:36:20.429
Adaugare_imprumut, 2021-05-24 17:36:20.429
Adaugare_imprumut, 2021-05-24 17:36:20.429
Adaugare_imprumut, 2021-05-24 17:36:20.429
Adaugare_carte, 2021-05-24 18:05:41.297
Adaugare_carte, 2021-05-24 18:05:41.297
Adaugare_carte, 2021-05-24 18:05:41.297
Adaugare_imprumut, 2021-05-24 18:05:41.297
Adaugare_imprumut, 2021-05-24 18:05:41.297
Adaugare_imprumut, 2021-05-24 18:05:41.297
Adaugare_carte, 2021-05-24 18:06:35.91
Adaugare_carte, 2021-05-24 18:06:35.91
Adaugare_carte, 2021-05-24 18:06:35.91
Adaugare_imprumut, 2021-05-24 18:06:35.91
Adaugare_imprumut, 2021-05-24 18:06:35.91
Adaugare_imprumut, 2021-05-24 18:06:35.91
Adaugare_carte, 2021-05-24 18:15:33.327
Adaugare_carte, 2021-05-24 18:15:33.327
Adaugare_carte, 2021-05-24 18:15:33.327
Adaugare_imprumut, 2021-05-24 18:15:33.327
Adaugare_imprumut, 2021-05-24 18:15:33.327
Adaugare_imprumut, 2021-05-24 18:15:33.327
Adaugare_carte, 2021-05-24 18:15:48.463
Adaugare_carte, 2021-05-24 18:15:48.463
Adaugare_carte, 2021-05-24 18:15:48.463
Adaugare_imprumut, 2021-05-24 18:15:48.463
Adaugare_imprumut, 2021-05-24 18:15:48.463
Adaugare_imprumut, 2021-05-24 18:15:48.463
Adaugare_carte, 2021-05-24 18:16:05.263
Adaugare_carte, 2021-05-24 18:16:05.263
Adaugare_carte, 2021-05-24 18:16:05.263
Adaugare_imprumut, 2021-05-24 18:16:05.263
Adaugare_imprumut, 2021-05-24 18:16:05.263
Adaugare_imprumut, 2021-05-24 18:16:05.263
Adaugare_carte, 2021-05-24 18:16:50.077
Adaugare_carte, 2021-05-24 18:16:50.077
Adaugare_carte, 2021-05-24 18:16:50.077
Adaugare_imprumut, 2021-05-24 18:16:50.077
Adaugare_imprumut, 2021-05-24 18:16:50.077
Adaugare_imprumut, 2021-05-24 18:16:50.077
Adaugare_carte, 2021-05-24 18:28:17.808
Adaugare_carte, 2021-05-24 18:28:17.808
Adaugare_carte, 2021-05-24 18:28:17.808
Adaugare_imprumut, 2021-05-24 18:28:17.808
Adaugare_imprumut, 2021-05-24 18:28:17.808
Adaugare_imprumut, 2021-05-24 18:28:17.808
Adaugare_carte, 2021-05-24 18:30:52.412
Adaugare_carte, 2021-05-24 18:30:52.412
Adaugare_carte, 2021-05-24 18:30:52.412
Adaugare_imprumut, 2021-05-24 18:30:52.412
Adaugare_imprumut, 2021-05-24 18:30:52.412
Adaugare_imprumut, 2021-05-24 18:30:52.412
Adaugare_carte, 2021-05-24 18:31:42.25
Adaugare_carte, 2021-05-24 18:31:42.25
Adaugare_carte, 2021-05-24 18:31:42.25
Adaugare_imprumut, 2021-05-24 18:31:42.25
Adaugare_imprumut, 2021-05-24 18:31:42.25
Adaugare_imprumut, 2021-05-24 18:31:42.25
Adaugare_carte, 2021-05-24 18:34:18.145
Adaugare_carte, 2021-05-24 18:34:18.145
Adaugare_carte, 2021-05-24 18:34:18.145
Adaugare_imprumut, 2021-05-24 18:34:18.145
Adaugare_imprumut, 2021-05-24 18:34:18.145
Adaugare_imprumut, 2021-05-24 18:34:18.145
Adaugare_carte, 2021-05-25 13:26:06.604
Adaugare_carte, 2021-05-25 13:26:06.604
Adaugare_carte, 2021-05-25 13:26:06.604
Adaugare_imprumut, 2021-05-25 13:26:06.604
Adaugare_imprumut, 2021-05-25 13:26:06.604
Adaugare_imprumut, 2021-05-25 13:26:06.604
Adaugare_carte, 2021-05-25 15:10:46.175
Adaugare_carte, 2021-05-25 15:10:46.175
Adaugare_carte, 2021-05-25 15:10:46.175
Adaugare_imprumut, 2021-05-25 15:10:46.175
Adaugare_imprumut, 2021-05-25 15:10:46.175
Adaugare_imprumut, 2021-05-25 15:10:46.175
Adaugare_carte, 2021-05-25 15:13:45.088
Adaugare_carte, 2021-05-25 15:13:45.088
Adaugare_carte, 2021-05-25 15:13:45.088
Adaugare_imprumut, 2021-05-25 15:13:45.088
Adaugare_imprumut, 2021-05-25 15:13:45.088
Adaugare_imprumut, 2021-05-25 15:13:45.088
Adaugare_carte, 2021-05-25 15:17:42.982
Adaugare_carte, 2021-05-25 15:17:42.982
Adaugare_carte, 2021-05-25 15:17:42.982
Adaugare_imprumut, 2021-05-25 15:17:42.982
Adaugare_imprumut, 2021-05-25 15:17:42.982
Adaugare_imprumut, 2021-05-25 15:17:42.982
Adaugare_carte, 2021-05-25 15:19:27.421
Adaugare_carte, 2021-05-25 15:19:27.421
Adaugare_carte, 2021-05-25 15:19:27.421
Adaugare_imprumut, 2021-05-25 15:19:27.421
Adaugare_imprumut, 2021-05-25 15:19:27.421
Adaugare_imprumut, 2021-05-25 15:19:27.421
Adaugare_carte, 2021-05-25 15:22:45.831
Adaugare_carte, 2021-05-25 15:22:45.831
Adaugare_carte, 2021-05-25 15:22:45.831
Adaugare_imprumut, 2021-05-25 15:22:45.831
Adaugare_imprumut, 2021-05-25 15:22:45.831
Adaugare_imprumut, 2021-05-25 15:22:45.831
Adaugare_carte, 2021-05-25 15:26:01.294
Adaugare_carte, 2021-05-25 15:26:01.294
Adaugare_carte, 2021-05-25 15:26:01.294
Adaugare_imprumut, 2021-05-25 15:26:01.294
Adaugare_imprumut, 2021-05-25 15:26:01.294
Adaugare_imprumut, 2021-05-25 15:26:01.294
Adaugare_carte, 2021-05-25 16:03:30.517
Adaugare_carte, 2021-05-25 16:03:30.517
Adaugare_carte, 2021-05-25 16:03:30.517
Adaugare_imprumut, 2021-05-25 16:03:30.517
Adaugare_imprumut, 2021-05-25 16:03:30.517
Adaugare_imprumut, 2021-05-25 16:03:30.517
Adaugare_carte, 2021-05-25 16:07:02.15
Adaugare_carte, 2021-05-25 16:07:02.15
Adaugare_carte, 2021-05-25 16:07:02.15
Adaugare_imprumut, 2021-05-25 16:07:02.15
Adaugare_imprumut, 2021-05-25 16:07:02.15
Adaugare_imprumut, 2021-05-25 16:07:02.15
Adaugare_carte, 2021-05-25 17:09:08.549
Adaugare_carte, 2021-05-25 17:09:08.549
Adaugare_carte, 2021-05-25 17:09:08.549
Adaugare_imprumut, 2021-05-25 17:09:08.549
Adaugare_imprumut, 2021-05-25 17:09:08.549
Adaugare_imprumut, 2021-05-25 17:09:08.549
Adaugare_carte, 2021-05-25 17:32:13.004
Adaugare_carte, 2021-05-25 17:32:13.004
Adaugare_carte, 2021-05-25 17:32:13.004
Adaugare_imprumut, 2021-05-25 17:32:13.004
Adaugare_imprumut, 2021-05-25 17:32:13.004
Adaugare_imprumut, 2021-05-25 17:32:13.004
Adaugare_carte, 2021-05-25 17:34:22.138
Adaugare_carte, 2021-05-25 17:34:22.138
Adaugare_carte, 2021-05-25 17:34:22.138
Adaugare_imprumut, 2021-05-25 17:34:22.138
Adaugare_imprumut, 2021-05-25 17:34:22.138
Adaugare_imprumut, 2021-05-25 17:34:22.138
Adaugare_carte, 2021-05-25 17:35:48.15
Adaugare_carte, 2021-05-25 17:35:48.15
Adaugare_carte, 2021-05-25 17:35:48.15
Adaugare_imprumut, 2021-05-25 17:35:48.15
Adaugare_imprumut, 2021-05-25 17:35:48.15
Adaugare_imprumut, 2021-05-25 17:35:48.15
Adaugare_carte, 2021-05-25 17:36:43.775
Adaugare_carte, 2021-05-25 17:36:43.775
Adaugare_carte, 2021-05-25 17:36:43.775
Adaugare_imprumut, 2021-05-25 17:36:43.775
Adaugare_imprumut, 2021-05-25 17:36:43.775
Adaugare_imprumut, 2021-05-25 17:36:43.775
Adaugare_carte, 2021-05-25 17:37:53.392
Adaugare_carte, 2021-05-25 17:37:53.392
Adaugare_carte, 2021-05-25 17:37:53.392
Adaugare_imprumut, 2021-05-25 17:37:53.392
Adaugare_imprumut, 2021-05-25 17:37:53.392
Adaugare_imprumut, 2021-05-25 17:37:53.392
Adaugare_carte, 2021-05-25 17:38:47.609
Adaugare_carte, 2021-05-25 17:38:47.609
Adaugare_carte, 2021-05-25 17:38:47.609
Adaugare_imprumut, 2021-05-25 17:38:47.609
Adaugare_imprumut, 2021-05-25 17:38:47.609
Adaugare_imprumut, 2021-05-25 17:38:47.609
Adaugare_carte, 2021-05-25 17:39:16.916
Adaugare_carte, 2021-05-25 17:39:16.916
Adaugare_carte, 2021-05-25 17:39:16.916
Adaugare_imprumut, 2021-05-25 17:39:16.916
Adaugare_imprumut, 2021-05-25 17:39:16.916
Adaugare_imprumut, 2021-05-25 17:39:16.916
Adaugare_carte, 2021-05-25 17:40:35.065
Adaugare_carte, 2021-05-25 17:40:35.065
Adaugare_carte, 2021-05-25 17:40:35.065
Adaugare_imprumut, 2021-05-25 17:40:35.065
Adaugare_imprumut, 2021-05-25 17:40:35.065
Adaugare_imprumut, 2021-05-25 17:40:35.065
Adaugare_carte, 2021-05-25 17:41:52.833
Adaugare_carte, 2021-05-25 17:41:52.833
Adaugare_carte, 2021-05-25 17:41:52.833
Adaugare_imprumut, 2021-05-25 17:41:52.833
Adaugare_imprumut, 2021-05-25 17:41:52.833
Adaugare_imprumut, 2021-05-25 17:41:52.833
Adaugare_carte, 2021-05-25 17:42:24.855
Adaugare_carte, 2021-05-25 17:42:24.855
Adaugare_carte, 2021-05-25 17:42:24.855
Adaugare_imprumut, 2021-05-25 17:42:24.855
Adaugare_imprumut, 2021-05-25 17:42:24.855
Adaugare_imprumut, 2021-05-25 17:42:24.855
Adaugare_carte, 2021-05-25 17:53:03.052
Adaugare_carte, 2021-05-25 17:53:03.052
Adaugare_carte, 2021-05-25 17:53:03.052
Adaugare_imprumut, 2021-05-25 17:53:03.052
Adaugare_imprumut, 2021-05-25 17:53:03.052
Adaugare_imprumut, 2021-05-25 17:53:03.052
Adaugare_carte, 2021-05-25 17:58:44.465
Adaugare_carte, 2021-05-25 17:58:44.465
Adaugare_carte, 2021-05-25 17:58:44.465
Adaugare_imprumut, 2021-05-25 17:58:44.465
Adaugare_imprumut, 2021-05-25 17:58:44.465
Adaugare_imprumut, 2021-05-25 17:58:44.465
Adaugare_carte, 2021-05-25 18:05:12.63
Adaugare_carte, 2021-05-25 18:05:12.63
Adaugare_carte, 2021-05-25 18:05:12.63
Adaugare_imprumut, 2021-05-25 18:05:12.63
Adaugare_imprumut, 2021-05-25 18:05:12.63
Adaugare_imprumut, 2021-05-25 18:05:12.63
Adaugare_carte, 2021-05-25 18:05:18.583
Adaugare_carte, 2021-05-25 18:05:18.583
Adaugare_carte, 2021-05-25 18:05:18.583
Adaugare_imprumut, 2021-05-25 18:05:18.583
Adaugare_imprumut, 2021-05-25 18:05:18.583
Adaugare_imprumut, 2021-05-25 18:05:18.583
Adaugare_carte, 2021-05-25 18:05:28.011
Adaugare_carte, 2021-05-25 18:05:28.011
Adaugare_carte, 2021-05-25 18:05:28.011
Adaugare_imprumut, 2021-05-25 18:05:28.011
Adaugare_imprumut, 2021-05-25 18:05:28.011
Adaugare_imprumut, 2021-05-25 18:05:28.011
Adaugare_carte, 2021-05-25 18:07:55.523
Adaugare_carte, 2021-05-25 18:07:55.523
Adaugare_carte, 2021-05-25 18:07:55.523
Adaugare_imprumut, 2021-05-25 18:07:55.523
Adaugare_imprumut, 2021-05-25 18:07:55.523
Adaugare_imprumut, 2021-05-25 18:07:55.523
Adaugare_carte, 2021-05-25 19:54:16.182
Adaugare_carte, 2021-05-25 19:54:16.182
Adaugare_carte, 2021-05-25 19:54:16.182
Adaugare_imprumut, 2021-05-25 19:54:16.182
Adaugare_imprumut, 2021-05-25 19:54:16.182
Adaugare_imprumut, 2021-05-25 19:54:16.182
Adaugare_carte, 2021-05-25 19:54:45.496
Adaugare_carte, 2021-05-25 19:54:45.496
Adaugare_carte, 2021-05-25 19:54:45.496
Adaugare_imprumut, 2021-05-25 19:54:45.496
Adaugare_imprumut, 2021-05-25 19:54:45.496
Adaugare_imprumut, 2021-05-25 19:54:45.496
Adaugare_carte, 2021-05-25 20:04:35.935
Adaugare_carte, 2021-05-25 20:04:35.935
Adaugare_carte, 2021-05-25 20:04:35.935
Adaugare_imprumut, 2021-05-25 20:04:35.935
Adaugare_imprumut, 2021-05-25 20:04:35.935
Adaugare_imprumut, 2021-05-25 20:04:35.935
Adaugare_carte, 2021-05-25 20:06:00.685
Adaugare_carte, 2021-05-25 20:06:00.685
Adaugare_carte, 2021-05-25 20:06:00.685
Adaugare_imprumut, 2021-05-25 20:06:00.685
Adaugare_imprumut, 2021-05-25 20:06:00.685
Adaugare_imprumut, 2021-05-25 20:06:00.685
Adaugare_carte, 2021-05-25 20:49:53.837
Adaugare_carte, 2021-05-25 20:49:53.837
Adaugare_carte, 2021-05-25 20:49:53.837
Adaugare_imprumut, 2021-05-25 20:49:53.837
Adaugare_imprumut, 2021-05-25 20:49:53.837
Adaugare_imprumut, 2021-05-25 20:49:53.837
Adaugare_carte, 2021-05-25 21:17:07.018
Adaugare_carte, 2021-05-25 21:17:07.018
Adaugare_carte, 2021-05-25 21:17:07.018
Adaugare_imprumut, 2021-05-25 21:17:07.018
Adaugare_imprumut, 2021-05-25 21:17:07.018
Adaugare_imprumut, 2021-05-25 21:17:07.018
Adaugare_carte, 2021-05-25 21:17:34.558
Adaugare_carte, 2021-05-25 21:17:34.558
Adaugare_carte, 2021-05-25 21:17:34.558
Adaugare_imprumut, 2021-05-25 21:17:34.558
Adaugare_imprumut, 2021-05-25 21:17:34.558
Adaugare_imprumut, 2021-05-25 21:17:34.558
Adaugare_carte, 2021-05-25 21:18:25.624
Adaugare_carte, 2021-05-25 21:18:25.624
Adaugare_carte, 2021-05-25 21:18:25.624
Adaugare_imprumut, 2021-05-25 21:18:25.624
Adaugare_imprumut, 2021-05-25 21:18:25.624
Adaugare_imprumut, 2021-05-25 21:18:25.624
Adaugare_carte, 2021-05-25 21:50:18.904
Adaugare_carte, 2021-05-25 21:50:18.904
Adaugare_carte, 2021-05-25 21:50:18.904
Adaugare_imprumut, 2021-05-25 21:50:18.904
Adaugare_imprumut, 2021-05-25 21:50:18.904
Adaugare_imprumut, 2021-05-25 21:50:18.904
Adaugare_carte, 2021-05-25 21:52:42.153
Adaugare_carte, 2021-05-25 21:52:42.153
Adaugare_carte, 2021-05-25 21:52:42.153
Adaugare_imprumut, 2021-05-25 21:52:42.153
Adaugare_imprumut, 2021-05-25 21:52:42.153
Adaugare_imprumut, 2021-05-25 21:52:42.153
Citire_cititori, 2021-05-25 21:52:42.153
Adaugare_carte, 2021-05-25 21:55:22.338
Adaugare_carte, 2021-05-25 21:55:22.338
Adaugare_carte, 2021-05-25 21:55:22.338
Adaugare_imprumut, 2021-05-25 21:55:22.338
Adaugare_imprumut, 2021-05-25 21:55:22.338
Adaugare_imprumut, 2021-05-25 21:55:22.338
Citire_cititori, 2021-05-25 21:55:22.338
Adaugare_carte, 2021-05-25 21:55:56.556
Adaugare_carte, 2021-05-25 21:55:56.556
Adaugare_carte, 2021-05-25 21:55:56.556
Adaugare_imprumut, 2021-05-25 21:55:56.556
Adaugare_imprumut, 2021-05-25 21:55:56.556
Adaugare_imprumut, 2021-05-25 21:55:56.556
Citire_carti, 2021-05-25 21:55:56.556
Adaugare_carte, 2021-05-25 22:02:14.027
Adaugare_carte, 2021-05-25 22:02:14.027
Adaugare_carte, 2021-05-25 22:02:14.027
Adaugare_imprumut, 2021-05-25 22:02:14.027
Adaugare_imprumut, 2021-05-25 22:02:14.027
Adaugare_imprumut, 2021-05-25 22:02:14.027
Citire_imprumuturi, 2021-05-25 22:02:14.027
Adaugare_carte, 2021-05-25 22:06:17.648
Adaugare_carte, 2021-05-25 22:06:17.648
Adaugare_carte, 2021-05-25 22:06:17.648
Adaugare_imprumut, 2021-05-25 22:06:17.648
Adaugare_imprumut, 2021-05-25 22:06:17.648
Adaugare_imprumut, 2021-05-25 22:06:17.648
Scriere_imprumut, 2021-05-25 22:06:17.648
Adaugare_carte, 2021-05-25 22:08:39.294
Adaugare_carte, 2021-05-25 22:08:39.294
Adaugare_carte, 2021-05-25 22:08:39.294
Adaugare_imprumut, 2021-05-25 22:08:39.294
Adaugare_imprumut, 2021-05-25 22:08:39.294
Adaugare_imprumut, 2021-05-25 22:08:39.294
Scriere_carte, 2021-05-25 22:08:39.294
Adaugare_carte, 2021-05-26 10:59:13.106
Adaugare_carte, 2021-05-26 10:59:13.106
Adaugare_carte, 2021-05-26 10:59:13.106
Adaugare_imprumut, 2021-05-26 10:59:13.106
Adaugare_imprumut, 2021-05-26 10:59:13.106
Adaugare_imprumut, 2021-05-26 10:59:13.106
Scriere_carte, 2021-05-26 10:59:13.106
Adaugare_carte, 2021-05-26 11:20:04.445
Adaugare_carte, 2021-05-26 11:20:04.445
Adaugare_carte, 2021-05-26 11:20:04.445
Adaugare_imprumut, 2021-05-26 11:20:04.445
Adaugare_imprumut, 2021-05-26 11:20:04.445
Adaugare_imprumut, 2021-05-26 11:20:04.445
Scriere_carte, 2021-05-26 11:20:04.445
Citire_autori, 2021-05-26 11:20:04.445
Adaugare_carte, 2021-05-26 11:30:34.954
Adaugare_carte, 2021-05-26 11:30:34.954
Adaugare_carte, 2021-05-26 11:30:34.954
Adaugare_imprumut, 2021-05-26 11:30:34.954
Adaugare_imprumut, 2021-05-26 11:30:34.954
Adaugare_imprumut, 2021-05-26 11:30:34.954
Scriere_carte, 2021-05-26 11:30:34.954
Citire_autori, 2021-05-26 11:30:34.954
Adaugare_carte, 2021-05-26 11:35:28.618
Adaugare_carte, 2021-05-26 11:35:28.618
Adaugare_carte, 2021-05-26 11:35:28.618
Adaugare_imprumut, 2021-05-26 11:35:28.618
Adaugare_imprumut, 2021-05-26 11:35:28.618
Adaugare_imprumut, 2021-05-26 11:35:28.618
Citire_carti, 2021-05-26 11:35:28.618
Scriere_carte, 2021-05-26 11:35:28.618
Citire_autori, 2021-05-26 11:35:28.618
Adaugare_carte, 2021-05-26 11:43:24.195
Adaugare_carte, 2021-05-26 11:43:24.195
Adaugare_carte, 2021-05-26 11:43:24.195
Adaugare_imprumut, 2021-05-26 11:43:24.195
Adaugare_imprumut, 2021-05-26 11:43:24.195
Adaugare_imprumut, 2021-05-26 11:43:24.195
Citire_carti, 2021-05-26 11:43:24.195
Citire_cititori, 2021-05-26 11:43:24.195
Citire_autori, 2021-05-26 11:43:24.195
Adaugare_carte, 2021-05-26 11:48:20.681
Adaugare_carte, 2021-05-26 11:48:20.681
Adaugare_carte, 2021-05-26 11:48:20.681
Adaugare_imprumut, 2021-05-26 11:48:20.681
Adaugare_imprumut, 2021-05-26 11:48:20.681
Adaugare_imprumut, 2021-05-26 11:48:20.681
Citire_carti, 2021-05-26 11:48:20.681
Citire_cititori, 2021-05-26 11:48:20.681
Citire_imprumuturi, 2021-05-26 11:48:20.681
Citire_autori, 2021-05-26 11:48:20.681
Adaugare_carte, 2021-05-26 11:55:54.945
Adaugare_carte, 2021-05-26 11:55:54.945
Adaugare_carte, 2021-05-26 11:55:54.945
Adaugare_imprumut, 2021-05-26 11:55:54.945
Adaugare_imprumut, 2021-05-26 11:55:54.945
Adaugare_imprumut, 2021-05-26 11:55:54.945
Adaugare_carte, 2021-05-26 11:56:58.696
Adaugare_carte, 2021-05-26 11:56:58.696
Adaugare_carte, 2021-05-26 11:56:58.696
Adaugare_imprumut, 2021-05-26 11:56:58.696
Adaugare_imprumut, 2021-05-26 11:56:58.696
Adaugare_imprumut, 2021-05-26 11:56:58.696
Scriere_imprumut, 2021-05-26 11:56:58.696
Adaugare_carte, 2021-05-26 12:15:34.077
Adaugare_carte, 2021-05-26 12:15:34.077
Adaugare_carte, 2021-05-26 12:15:34.077
Adaugare_imprumut, 2021-05-26 12:15:34.077
Adaugare_imprumut, 2021-05-26 12:15:34.077
Adaugare_imprumut, 2021-05-26 12:15:34.077
Scriere_autor, 2021-05-26 12:15:34.077
Adaugare_carte, 2021-05-26 12:17:03.445
Adaugare_carte, 2021-05-26 12:17:03.445
Adaugare_carte, 2021-05-26 12:17:03.445
Adaugare_imprumut, 2021-05-26 12:17:03.445
Adaugare_imprumut, 2021-05-26 12:17:03.445
Adaugare_imprumut, 2021-05-26 12:17:03.445
Scriere_carte, 2021-05-26 12:17:03.445
Adaugare_carte, 2021-05-26 12:18:11.117
Adaugare_carte, 2021-05-26 12:18:11.117
Adaugare_carte, 2021-05-26 12:18:11.117
Adaugare_imprumut, 2021-05-26 12:18:11.117
Adaugare_imprumut, 2021-05-26 12:18:11.117
Adaugare_imprumut, 2021-05-26 12:18:11.117
Scriere_carte, 2021-05-26 12:18:11.117
Adaugare_carte, 2021-05-26 12:18:50.062
Adaugare_carte, 2021-05-26 12:18:50.062
Adaugare_carte, 2021-05-26 12:18:50.062
Adaugare_imprumut, 2021-05-26 12:18:50.062
Adaugare_imprumut, 2021-05-26 12:18:50.062
Adaugare_imprumut, 2021-05-26 12:18:50.062
Scriere_citior, 2021-05-26 12:18:50.062
Adaugare_carte, 2021-05-26 12:19:49.497
Adaugare_carte, 2021-05-26 12:19:49.497
Adaugare_carte, 2021-05-26 12:19:49.497
Adaugare_imprumut, 2021-05-26 12:19:49.497
Adaugare_imprumut, 2021-05-26 12:19:49.497
Adaugare_imprumut, 2021-05-26 12:19:49.497
Scriere_carte, 2021-05-26 12:19:49.497
Adaugare_carte, 2021-05-26 13:03:37.568
Adaugare_carte, 2021-05-26 13:03:37.568
Adaugare_carte, 2021-05-26 13:03:37.568
Adaugare_imprumut, 2021-05-26 13:03:37.568
Adaugare_imprumut, 2021-05-26 13:03:37.568
Adaugare_imprumut, 2021-05-26 13:03:37.568
Adaugare_carte, 2021-05-26 13:04:15.284
Adaugare_carte, 2021-05-26 13:04:15.284
Adaugare_carte, 2021-05-26 13:04:15.284
Informatii_carte, 2021-05-26 13:04:15.284
Adaugare_imprumut, 2021-05-26 13:04:15.284
Adaugare_imprumut, 2021-05-26 13:04:15.284
Adaugare_imprumut, 2021-05-26 13:04:15.284
Adaugare_carte, 2021-05-26 13:04:40.2
Adaugare_carte, 2021-05-26 13:04:40.2
Adaugare_carte, 2021-05-26 13:04:40.2
Filtrare_carti, 2021-05-26 13:04:40.2
Adaugare_imprumut, 2021-05-26 13:04:40.2
Adaugare_imprumut, 2021-05-26 13:04:40.2
Adaugare_imprumut, 2021-05-26 13:04:40.2
Adaugare_carte, 2021-05-26 13:05:08.847
Adaugare_carte, 2021-05-26 13:05:08.847
Adaugare_carte, 2021-05-26 13:05:08.847
Filtrare_carti, 2021-05-26 13:05:08.847
Adaugare_imprumut, 2021-05-26 13:05:08.847
Adaugare_imprumut, 2021-05-26 13:05:08.847
Adaugare_imprumut, 2021-05-26 13:05:08.847
Adaugare_carte, 2021-05-26 13:05:53.646
Adaugare_carte, 2021-05-26 13:05:53.646
Adaugare_carte, 2021-05-26 13:05:53.646
Filtrare_carti, 2021-05-26 13:05:53.646
Adaugare_imprumut, 2021-05-26 13:05:53.646
Adaugare_imprumut, 2021-05-26 13:05:53.646
Adaugare_imprumut, 2021-05-26 13:05:53.646
Adaugare_carte, 2021-05-26 13:06:12.731
Adaugare_carte, 2021-05-26 13:06:12.731
Adaugare_carte, 2021-05-26 13:06:12.731
Sortare_carte_data_publicarii, 2021-05-26 13:06:12.731
Adaugare_imprumut, 2021-05-26 13:06:12.731
Adaugare_imprumut, 2021-05-26 13:06:12.731
Adaugare_imprumut, 2021-05-26 13:06:12.731
Adaugare_carte, 2021-05-26 13:06:54.448
Adaugare_carte, 2021-05-26 13:06:54.448
Adaugare_carte, 2021-05-26 13:06:54.448
Sortare_carte_autor_titlu, 2021-05-26 13:06:54.448
Adaugare_imprumut, 2021-05-26 13:06:54.448
Adaugare_imprumut, 2021-05-26 13:06:54.448
Adaugare_imprumut, 2021-05-26 13:06:54.448
Adaugare_carte, 2021-05-26 13:07:37.616
Adaugare_carte, 2021-05-26 13:07:37.616
Adaugare_carte, 2021-05-26 13:07:37.616
Stergere_carte, 2021-05-26 13:07:37.616
Adaugare_imprumut, 2021-05-26 13:07:37.616
Adaugare_imprumut, 2021-05-26 13:07:37.616
Adaugare_imprumut, 2021-05-26 13:07:37.616
Adaugare_carte, 2021-05-26 13:07:57.189
Adaugare_carte, 2021-05-26 13:07:57.189
Adaugare_carte, 2021-05-26 13:07:57.189
Update_carte, 2021-05-26 13:07:57.189
Adaugare_imprumut, 2021-05-26 13:07:57.189
Adaugare_imprumut, 2021-05-26 13:07:57.189
Adaugare_imprumut, 2021-05-26 13:07:57.189
Adaugare_carte, 2021-05-26 13:08:33.49
Adaugare_carte, 2021-05-26 13:08:33.49
Adaugare_carte, 2021-05-26 13:08:33.49
Adaugare_imprumut, 2021-05-26 13:08:33.49
Adaugare_imprumut, 2021-05-26 13:08:33.49
Adaugare_imprumut, 2021-05-26 13:08:33.49
Adaugare_carte, 2021-05-26 13:09:11.068
Adaugare_carte, 2021-05-26 13:09:11.068
Adaugare_carte, 2021-05-26 13:09:11.068
Adaugare_imprumut, 2021-05-26 13:09:11.068
Adaugare_imprumut, 2021-05-26 13:09:11.068
Adaugare_imprumut, 2021-05-26 13:09:11.068
Filtrare_imprumuturi, 2021-05-26 13:09:11.068
Adaugare_carte, 2021-05-26 13:09:33.204
Adaugare_carte, 2021-05-26 13:09:33.204
Adaugare_carte, 2021-05-26 13:09:33.204
Adaugare_imprumut, 2021-05-26 13:09:33.204
Adaugare_imprumut, 2021-05-26 13:09:33.204
Adaugare_imprumut, 2021-05-26 13:09:33.204
Stergere_imprumut, 2021-05-26 13:09:33.204
Adaugare_carte, 2021-05-26 13:16:43.765
Adaugare_carte, 2021-05-26 13:16:43.765
Adaugare_carte, 2021-05-26 13:16:43.765
Adaugare_imprumut, 2021-05-26 13:16:43.765
Adaugare_imprumut, 2021-05-26 13:16:43.765
Adaugare_imprumut, 2021-05-26 13:16:43.765
Adaugare_carte, 2021-05-26 15:18:32.564
Adaugare_carte, 2021-05-26 15:18:32.564
Adaugare_carte, 2021-05-26 15:18:32.564
Adaugare_imprumut, 2021-05-26 15:18:32.564
Adaugare_imprumut, 2021-05-26 15:18:32.564
Adaugare_imprumut, 2021-05-26 15:18:32.564
Adaugare_carte, 2021-05-26 15:55:46.599
Adaugare_carte, 2021-05-26 15:55:46.599
Adaugare_carte, 2021-05-26 15:55:46.599
Adaugare_imprumut, 2021-05-26 15:55:46.599
Adaugare_imprumut, 2021-05-26 15:55:46.599
Adaugare_imprumut, 2021-05-26 15:55:46.599
Adaugare_carte, 2021-05-26 16:01:44.228
Adaugare_carte, 2021-05-26 16:01:44.228
Adaugare_carte, 2021-05-26 16:01:44.228
Adaugare_imprumut, 2021-05-26 16:01:44.228
Adaugare_imprumut, 2021-05-26 16:01:44.228
Adaugare_imprumut, 2021-05-26 16:01:44.228
Adaugare_carte, 2021-05-26 16:03:29.279
Adaugare_carte, 2021-05-26 16:03:29.279
Adaugare_carte, 2021-05-26 16:03:29.279
Adaugare_imprumut, 2021-05-26 16:03:29.279
Adaugare_imprumut, 2021-05-26 16:03:29.279
Adaugare_imprumut, 2021-05-26 16:03:29.279
Adaugare_carte, 2021-05-26 16:04:50.305
Adaugare_carte, 2021-05-26 16:04:50.305
Adaugare_carte, 2021-05-26 16:04:50.305
Adaugare_imprumut, 2021-05-26 16:04:50.305
Adaugare_imprumut, 2021-05-26 16:04:50.305
Adaugare_imprumut, 2021-05-26 16:04:50.305
Adaugare_carte, 2021-05-26 17:51:00.004
Adaugare_carte, 2021-05-26 17:51:00.004
Adaugare_carte, 2021-05-26 17:51:00.004
Adaugare_imprumut, 2021-05-26 17:51:00.004
Adaugare_imprumut, 2021-05-26 17:51:00.004
Adaugare_imprumut, 2021-05-26 17:51:00.004
Adaugare_carte, 2021-05-26 17:52:11.483
Adaugare_carte, 2021-05-26 17:52:11.483
Adaugare_carte, 2021-05-26 17:52:11.483
Adaugare_imprumut, 2021-05-26 17:52:11.483
Adaugare_imprumut, 2021-05-26 17:52:11.483
Adaugare_imprumut, 2021-05-26 17:52:11.483
Adaugare_carte, 2021-05-26 19:18:55.599
Adaugare_carte, 2021-05-26 19:18:55.599
Adaugare_carte, 2021-05-26 19:18:55.599
Adaugare_imprumut, 2021-05-26 19:18:55.599
Adaugare_imprumut, 2021-05-26 19:18:55.599
Adaugare_imprumut, 2021-05-26 19:18:55.599
Adaugare_carte, 2021-05-26 19:19:43.743
Adaugare_carte, 2021-05-26 19:19:43.743
Adaugare_carte, 2021-05-26 19:19:43.743
Adaugare_imprumut, 2021-05-26 19:19:43.743
Adaugare_imprumut, 2021-05-26 19:19:43.743
Adaugare_imprumut, 2021-05-26 19:19:43.743
